,name_muni_IBGE,Population,Bovino (bovines),Suíno (pigs) - total,Galináceos (chicken) - total,Manure generated (kg/day),Municipality-specific biogas yield (m3/kg manure),Municipality-specific CH4 yield (m3 CH4/kg manure)
4100103,Abatiá,7408,16520,870,385420,394706.4,0.057177423,0.033366617
4100202,Adrianópolis,5857,14944,705,21200,265116,0.026750226,0.015789484
4100301,Agudos do Sul,9470,1774,2700,60000,55520.8,0.068544517,0.039911336
4100400,Almirante Tamandaré,120041,640,2400,40000,29504,0.083415401,0.048486512
4100459,Altamira do Paraná,1682,63683,2550,218000,1164139.6,0.030322082,0.017853063
4100509,Alto Paraná,14859,38462,4490,1167317,1002044.76,0.06397345,0.037291421
4100608,Alto Piquiri,9778,8392,2600,30248,160715.84,0.032710696,0.019226351
4100707,Altônia,22176,60288,8000,1528730,1489318,0.059411983,0.034655976
4100806,Alvorada do Sul,11503,4702,619,388316,191484.64,0.093126491,0.054132882
4100905,Amaporã,6332,35502,1500,54360,630415.2,0.026916212,0.015885501
4101002,Ampére,19311,38128,13329,2485602,1392290.32,0.085938145,0.049977413
4101051,Anahy,2788,5587,381,725500,300394.64,0.105971272,0.061553862
4101101,Andirá,19926,1693,1720,700000,230348.4,0.12823773,0.074413656
4101150,Ângulo,2930,8837,774,1149531,476218.04,0.10598783,0.06156326
4101200,Antonina,18949,341,206,7800,8675.44,0.058173529,0.033931959
4101309,Antônio Olinto,7427,4302,2043,26200,87541.12,0.037696475,0.022103143
4101408,Apucarana,136234,17951,2582,2734811,1082353.56,0.109955678,0.063855017
4101507,Arapongas,124810,5969,8921,4780230,1468251.04,0.135381943,0.078541314
4101606,Arapoti,28300,47552,142966,151944,1295055.36,0.046171761,0.026958336
4101655,Arapuã,3009,16485,2062,30000,298210.48,0.028169251,0.016607223
4101705,Araruna,14000,17957,1535,1164800,639670.8,0.085943425,0.04998382
4101804,Araucária,146214,4568,13487,347305,216815.48,0.088564369,0.051469879
4101853,Ariranha do Ivaí,2066,9569,2062,20000,176455.28,0.029406637,0.017319793
4101903,Assaí,14954,10251,800,400000,290749.2,0.070855341,0.041267701
4102000,Assis Chateaubriand,33340,7557,38820,6598185,2095485,0.133839751,0.077644608
4102109,Astorga,26209,27558,5406,3310500,1417371.84,0.103695318,0.060237918
4102208,Atalaia,3881,6000,690,191000,158777.6,0.065243828,0.038025345
4102307,Balsa Nova,13092,8007,426,45000,151615.44,0.034153562,0.020066109
4102406,Bandeirantes,31211,12487,821,833208,450570.48,0.086808779,0.05048398
4102505,Barbosa Ferraz,11426,46764,3074,86500,837905.76,0.027712009,0.016344607
4102604,Barra do Jacaré,2781,2918,3084,1550000,493564.96,0.131487442,0.076291492
4102703,Barracão,10312,15439,3500,422065,394369,0.061491332,0.035855517
4102752,Bela Vista da Caroba,3457,15017,2023,193003,318483.16,0.045271043,0.026486701
4102802,Bela Vista do Paraíso,15399,5120,542,355444,189236,0.08797384,0.051156515
4102901,Bituruna,16400,23000,8000,60000,436720,0.031342187,0.018434801
4103008,Boa Esperança,4047,3574,1200,4010,66243.6,0.028692956,0.016904511
4103024,Boa Esperança do Iguaçu,2470,14934,1690,988300,538726.4,0.08652955,0.050322063
4103040,Boa Ventura de São Roque,6365,28936,2675,34000,515351.2,0.026700669,0.015759672
4103057,Boa Vista da Aparecida,7540,27264,1743,520900,620091.52,0.052637395,0.030743689
4103107,Bocaiúva do Sul,13129,4396,592,11920,80748.48,0.0298393,0.017571767
4103156,Bom Jesus do Sul,3506,18119,3390,377000,427512.4,0.054922301,0.032061218
4103206,Bom Sucesso,7068,17800,1463,850000,548607.52,0.076748554,0.044672082
4103222,Bom Sucesso do Sul,3254,2948,4230,1137450,382050.8,0.126747292,0.073550986
4103305,Borrazópolis,6439,15659,1227,385403,380977.72,0.05854442,0.034155816
4103354,Braganey,5382,19953,896,433480,467289.84,0.055467813,0.032379158
4103370,Brasilândia do Sul,2585,3433,475,1280,60850,0.025612237,0.015129693
4103404,Cafeara,2954,11442,530,570000,358013.6,0.078002959,0.04539727
4103453,Cafelândia,18456,4814,65639,5491127,1819858.92,0.132323405,0.07676045
4103479,Cafezal do Sul,4009,29582,650,445598,635553.84,0.047609371,0.02783998
4103503,Califórnia,8606,7264,1265,1149324,450597.12,0.110841401,0.064366476
4103602,Cambará,25466,5563,830,530000,246606.8,0.097274388,0.05652894
4103701,Cambé,107341,2602,3100,750230,264242.8,0.122161178,0.07090141
4103800,Cambira,7917,8248,1197,1080000,447904.48,0.10607418,0.061612652
4103909,Campina da Lagoa,14043,57101,9760,895662,1262592.96,0.049020615,0.028652077
4103958,Campina do Simão,3859,12792,5047,26883,242892.52,0.030847904,0.018148117
4104006,Campina Grande do Sul,43685,2533,725,14622,49865.76,0.036007942,0.021131843
4104055,Campo Bonito,3763,26209,2703,660000,643811.92,0.059169459,0.034516425
4104105,Campo do Tenente,8045,2940,840,215000,113321.6,0.08938471,0.051969406
4104204,Campo Largo,133865,10351,13363,125326,253752,0.049258206,0.028768302
4104253,Campo Magro,29740,2195,1239,240000,108720.56,0.100611791,0.058453104
4104303,Campo Mourão,95488,10712,1800,1663035,655368.2,0.110385065,0.064102892
4104402,Cândido de Abreu,14809,96479,5581,250000,1746405.04,0.028990534,0.017083395
4104428,Candói,16053,77816,7140,71070,1380040.4,0.026205279,0.015473508
4104451,Cantagalo,13329,34900,5945,54500,633612.8,0.028088791,0.016559589
4104501,Capanema,19148,31592,49413,3214578,1593679.76,0.097436524,0.056609668
4104600,Capitão Leônidas Marques,15834,27074,5251,2514040,1185567.04,0.096479328,0.056069159
4104659,Carambeí,23825,49581,94000,2557000,1854513.2,0.079034697,0.045970251
4104709,Carlópolis,14356,33396,5600,395000,702035.2,0.044069548,0.025791872
4104808,Cascavel,332333,77170,158000,16962000,6557004,0.115659159,0.067139595
4104907,Castro,71809,125674,260000,4550000,4225992.8,0.070580427,0.04108139
4105003,Catanduvas,10167,40731,33528,980000,1076898.32,0.059790248,0.034862434
4105102,Centenário do Sul,10764,12938,1535,520860,373040.8,0.071782493,0.041802653
4105201,Cerro Azul,17833,28700,15950,115000,574328,0.03507315,0.020585648
4105300,Céu Azul,11819,16486,27650,2766556,1142250.88,0.110069324,0.063910456
4105409,Chopinzinho,19167,56598,22561,2780394,1820581.36,0.07763248,0.045178149
4105508,Cianorte,83816,51110,3316,11963268,4238887.68,0.119741375,0.069508683
4105607,Cidade Gaúcha,12797,33629,900,245808,649981.04,0.03668223,0.021527515
4105706,Clevelândia,16450,13191,22995,120100,330418,0.047673467,0.02784492
4105805,Colombo,246540,599,810,58100,29033.2,0.096371423,0.055995843
4105904,Colorado,24145,22980,1280,853500,638127.2,0.069428306,0.040443694
4106001,Congonhinhas,8857,26542,1850,300000,546146.4,0.042842233,0.025085035
4106100,Conselheiro Mairinck,3876,20543,2100,595000,526323.6,0.062718519,0.036566713
4106209,Contenda,18837,2222,3079,120546,81331.44,0.080390052,0.046759204
4106308,Corbélia,17117,10816,15630,3985000,1349350.4,0.126018602,0.073129803
4106407,Cornélio Procópio,47842,22205,919,84636,408417.84,0.031011492,0.018251287
4106456,Coronel Domingos Soares,7518,46294,6120,104700,844177.6,0.029022776,0.017100123
4106506,Coronel Vivida,20580,37284,5824,350196,757044.64,0.040616951,0.023797539
4106555,Corumbataí do Sul,3127,17104,1610,255000,370483.2,0.047732745,0.027909695
4106571,Cruzeiro do Iguaçu,4240,14676,16349,1382870,689331.76,0.095835137,0.055688003
4106605,Cruzeiro do Oeste,20947,58127,2300,330678,1099366.24,0.03416829,0.020074953
4106704,Cruzeiro do Sul,4449,12950,770,1252969,575912.12,0.097832752,0.05685244
4106803,Cruz Machado,18741,15000,19500,120000,350880,0.044580711,0.026064884
4106852,Cruzmaltina,2921,13117,515,423000,345618,0.065475703,0.038160629
4106902,Curitiba,1948626,1180,60,0,20478.4,0.024075006,0.01424396
4107009,Curiúva,15196,37490,6130,59968,680254.24,0.02809906,0.016565695
4107108,Diamante do Norte,5030,20877,870,256737,433615.56,0.044065211,0.02579216
4107124,Diamante do Sul,3424,38100,5065,19142,676077.36,0.025806916,0.0152423
4107157,Diamante D'Oeste,5266,34442,8605,280000,696961.6,0.03933085,0.023052417
4107207,Dois Vizinhos,41038,34203,45322,9467000,3376830.48,0.121232779,0.070364311
4107256,Douradina,8869,40896,1600,530955,856942.6,0.044977707,0.026319348
4107306,Doutor Camargo,5983,1192,2400,360000,128598.4,0.121976161,0.070791289
4107405,Enéas Marques,5933,24240,51500,2269920,1209065.6,0.094636961,0.054987018
4107504,Engenheiro Beltrão,13981,6266,6747,582440,291369.28,0.09549813,0.055493586
4107520,Esperança Nova,1665,25268,1600,651615,621925.8,0.059664306,0.034803045
4107538,Entre Rios do Oeste,4596,5663,243800,390750,947965.6,0.0809347,0.046971202
4107546,Espigão Alto do Iguaçu,4048,22100,13726,563140,579526.24,0.060634783,0.035353783
4107553,Farol,3041,7999,1101,156000,184609.84,0.053338319,0.031147117
4107603,Faxinal,17316,36104,1172,85000,648351.68,0.028346699,0.016712119
4107652,Fazenda Rio Grande,102004,737,840,600500,183370,0.135778893,0.07877132
4107702,Fênix,4748,3154,1265,110884,89141.92,0.068296262,0.039784042
4107736,Fernandes Pinheiro,5602,5278,1540,940620,358836.8,0.113494805,0.065898577
4107751,Figueira,7696,6890,2700,28000,134556,0.034042332,0.01999378
4107801,Floraí,4906,3244,324,934240,318368.96,0.123598359,0.071736642
4107850,Flor da Serra do Sul,4603,15148,7290,1096650,589769.2,0.088932232,0.051705707
4107900,Floresta,6851,600,400,157600,55664,0.121126703,0.070305951
4108007,Florestópolis,10453,3305,298,260450,130677.92,0.091780144,0.053355581
4108106,Flórida,2699,6467,430,76000,133819.6,0.04344664,0.025434265
4108205,Formosa do Oeste,6460,11599,68959,3803752,1474188.72,0.119255141,0.069206277
4108304,Foz do Iguaçu,258248,3102,2902,28500,70156.48,0.04437243,0.025951215
4108320,Francisco Alves,5993,19534,3500,998027,626072.36,0.078763086,0.045834451
4108403,Francisco Beltrão,92216,46928,53300,3678550,1999187.6,0.090680161,0.052708744
4108452,Foz do Jordão,4556,6221,724,8652,111624.72,0.027311396,0.016111865
4108502,General Carneiro,13685,12500,1400,13800,223120,0.026742965,0.015783598
4108551,Godoy Moreira,2898,10624,637,150000,226669.28,0.04657127,0.027239463
4108601,Goioerê,28808,11762,2243,1060400,506037.12,0.09562792,0.055577324
4108650,Goioxim,7053,35802,3292,58140,642081.28,0.027526125,0.016236544
4108700,Grandes Rios,5497,36885,1178,254950,709389.12,0.036089605,0.021185043
4108809,Guaíra,33310,5536,4400,320000,198195.2,0.082257621,0.047845371
4108908,Guairaçá,6609,43351,1605,491379,888102.52,0.0427117,0.025010369
4108957,Guamiranga,8811,6992,17560,26790,181146,0.0449449,0.02625591
4109005,Guapirama,3784,20646,680,1250000,707178.4,0.083885942,0.048795944
4109104,Guaporema,2241,11162,491,816362,422060.4,0.089589976,0.052090906
4109203,Guaraci,5530,23761,800,3200000,1307121.2,0.106982573,0.062138369
4109302,Guaraniaçu,12217,130600,57613,1659501,2886123.8,0.046508713,0.027195299
4109401,Guarapuava,182644,55692,38404,343740,1170897.76,0.039095855,0.022907097
4109500,Guaraqueçaba,7594,310,36,10000,8241.44,0.065602827,0.038232718
4109609,Guaratuba,37527,1689,310,7300,32037.2,0.032964566,0.019376047
4109658,Honório Serpa,5119,26736,4696,64093,492081.08,0.029620898,0.017444568
4109708,Ibaiti,31644,74340,12000,2400000,1987128,0.065693515,0.038284325
4109757,Ibema,6370,11254,502,1540000,626294.88,0.107381211,0.062368562
4109807,Ibiporã,55131,5251,3920,641500,281854,0.103365909,0.060042904
4109906,Icaraíma,7786,81968,1900,120100,1449253.6,0.026621944,0.01571601
4110003,Iguaraçu,4440,7351,390,2404932,801003.76,0.125820639,0.073020638
4110052,Iguatu,2253,7604,471,412735,247786.44,0.08057703,0.04688404
4110078,Imbaú,13282,3689,525,14750,69176.8,0.032114891,0.018886191
4110102,Imbituva,32940,8990,19850,599110,382722.8,0.085581944,0.049751856
4110201,Inácio Martins,11121,8976,3958,27642,174159.28,0.032810529,0.019280957
4110300,Inajá,3116,8794,167,2300,152408.48,0.024279473,0.014362933
4110409,Indianópolis,4465,9688,665,2001500,729075.2,0.117143062,0.068007652
4110508,Ipiranga,15251,10744,38304,895000,551840.96,0.09045888,0.052560912
4110607,Iporã,13782,46613,6800,2012689,1385968.52,0.073819028,0.04297873
4110656,Iracema do Oeste,2251,1211,4150,531653,182308.04,0.126641939,0.073484656
4110706,Irati,61088,11420,23760,121500,302674.4,0.050464974,0.029453326
4110805,Iretama,10098,49517,2307,1134000,1176225.68,0.056715558,0.033099924
4110904,Itaguajé,4446,11249,970,675000,385431.6,0.083593171,0.048626091
4110953,Itaipulândia,11385,5919,134951,1175000,841057.84,0.098148397,0.056960323
4111001,Itambaracá,6549,1986,1850,108000,70023.2,0.080511053,0.046834455
4111100,Itambé,6109,3460,1280,315100,151631.2,0.095710273,0.055623021
4111209,Itapejara d'Oeste,12094,9512,26706,3781112,1303504,0.125730952,0.072959469
4111258,Itaperuçu,29070,5050,1510,40000,102650.4,0.039318323,0.023044075
4111308,Itaúna do Sul,2781,12009,900,144305,249696.2,0.043852561,0.025668571
4111407,Ivaí,13965,15660,10910,56890,318447.6,0.03543179,0.020789788
4111506,Ivaiporã,31935,19821,2000,281900,425933.2,0.046891745,0.027423709
4111555,Ivaté,8240,20702,1720,124234,396088.72,0.034985054,0.020545721
4111605,Ivatuba,3279,242,860,5000,8176.8,0.062106545,0.036165846
4111704,Jaboti,5303,14335,13500,310000,374402,0.057828527,0.033726899
4111803,Jacarezinho,39322,42019,1200,1620000,1179974.8,0.0704663,0.041043775
4111902,Jaguapitã,13742,31853,890,3135457,1428505.16,0.098369029,0.057162567
4112009,Jaguariaíva,35027,27332,87762,316330,825479.28,0.054531516,0.031789434
4112108,Jandaia do Sul,21230,10154,1100,2160000,782792.8,0.117705628,0.068332399
4112207,Janiópolis,5095,17914,1200,8000,314008.8,0.025092081,0.014831078
4112306,Japira,4930,13551,4500,1750000,736757.2,0.105429585,0.06123868
4112405,Japurá,9500,3067,519,1572945,494754.76,0.131932491,0.076551016
4112504,Jardim Alegre,11196,26718,2613,698630,663109.52,0.060093088,0.0350501
4112603,Jardim Olinda,1320,5522,322,381970,202908.88,0.087900204,0.051114575
4112702,Jataizinho,12638,10498,343,308000,267848.32,0.06292288,0.036686035
4112751,Jesuítas,8330,9426,54138,2653453,1069673.56,0.116511673,0.06761966
4112801,Joaquim Távora,12009,37039,6254,2200000,1272082.96,0.083254459,0.048429304
4112900,Jundiaí do Sul,3269,36898,890,135000,675151.2,0.030606998,0.018018058
4112959,Juranda,7292,2912,1180,141020,93159.2,0.077221107,0.044940383
4113007,Jussara,7041,1204,244,1850500,539590.56,0.140345405,0.081411195
4113106,Kaloré,4047,7555,1050,150000,175138,0.053732919,0.031375052
4113205,Lapa,48410,35100,22600,1850000,1190424,0.079657312,0.046344752
4113254,Laranjal,5784,78000,5400,21000,1363896,0.024772308,0.01464629
4113304,Laranjeiras do Sul,32139,52500,36900,117000,1047936,0.033312511,0.019565096
4113403,Leópolis,3925,17190,1203,400000,411325.12,0.05716251,0.033357665
4113429,Lidianópolis,3231,9329,417,158000,205966.48,0.050023737,0.029234222
4113452,Lindoeste,4592,31751,5014,774500,778219.76,0.058529423,0.034145645
4113502,Loanda,23242,89959,2120,313563,1641537.24,0.030298397,0.017839801
4113601,Lobato,4819,10552,610,378800,289412.8,0.068470625,0.039890421
4113700,Londrina,575377,43785,2720,4730000,2085770.8,0.100961655,0.058659933
4113734,Luiziana,7240,31274,1237,7000,543633.28,0.024402863,0.014433659
4113759,Lunardelli,4744,12313,591,202270,270215.84,0.04941943,0.028885055
4113809,Lupionópolis,4945,8060,670,334500,234328.8,0.07263345,0.042294814
4113908,Mallet,13663,5982,6161,248293,191141.88,0.073210397,0.042614355
4114005,Mamborê,13014,10126,31526,357500,370106.24,0.070798319,0.04119619
4114104,Mandaguaçu,23100,6466,2250,3558066,1114313.68,0.132565971,0.076916506
4114203,Mandaguari,34515,28508,1521,2927828,1314753.28,0.099547136,0.057842875
4114302,Mandirituba,27315,2252,3075,6111000,1759162.4,0.142073075,0.082408614
4114351,Manfrinópolis,2506,23358,1800,793000,629269.6,0.066941573,0.039006779
4114401,Mangueirinha,16642,43428,14260,80478,812845.84,0.029905718,0.017605357
4114500,Manoel Ribas,13510,44718,18200,110000,855277.6,0.031542522,0.018549143
4114609,Marechal Cândido Rondon,53495,43618,474254,4102000,3340521.76,0.089280771,0.051846399
4114708,Maria Helena,5634,52840,1390,415500,1029413.6,0.037542403,0.022024428
4114807,Marialva,35804,10506,1986,620075,360361.64,0.083057116,0.048315026
4114906,Marilândia do Sul,8814,7416,1281,730214,335909.36,0.098189312,0.057057256
4115002,Marilena,7084,23205,1410,568929,562712.52,0.058404638,0.034075402
4115101,Mariluz,10336,16659,2000,221800,354718.8,0.045806709,0.026796474
4115200,Maringá,430157,5078,3553,566500,256762.72,0.100983068,0.058666438
4115309,Mariópolis,6632,7732,4220,367890,248828.4,0.076744493,0.044663047
4115358,Maripá,5582,8065,105700,2198000,1075486,0.109677318,0.063649343
4115408,Marmeleiro,14387,21367,13053,1060000,703993.52,0.077936717,0.045351021
4115457,Marquinho,4340,56400,3201,22500,986111.04,0.024904621,0.014723057
4115507,Marumbi,4677,13685,940,475000,371239.6,0.067543135,0.039354438
4115606,Matelândia,18107,30234,48180,3799980,1730486.4,0.102988042,0.059818101
4115705,Matinhos,35219,22,45,1500,935.2,0.08626219,0.050146568
4115739,Mato Rico,3206,29868,1712,47000,532094.08,0.027128907,0.016007976
4115754,Mauá da Serra,10800,2013,1950,67085,59335.4,0.067587211,0.039365706
4115804,Medianeira,46574,31204,101190,2321455,1494333.8,0.087847981,0.051053463
4115853,Mercedes,5577,11087,32940,1130000,607234,0.096037767,0.055790771
4115903,Mirador,2196,13685,800,314740,325941.2,0.056850808,0.033177824
4116000,Miraselva,1796,6191,175,597810,274404,0.097815346,0.056842713
4116059,Missal,10704,26145,96950,1663060,1210078.8,0.083841421,0.048733185
4116109,Moreira Sales,12042,27611,1706,623500,654675.44,0.056425353,0.032931979
4116208,Morretes,16446,1303,115,7000,24721.2,0.033999612,0.019976314
4116307,Munhoz de Melo,4009,10543,640,2450000,869285.2,0.119602339,0.069428388
4116406,Nossa Senhora das Graças,4008,11127,830,638000,372547.6,0.082226024,0.047836464
4116505,Nova Aliança do Ivaí,1551,12813,400,46765,234693.8,0.030648382,0.018041784
4116604,Nova América da Colina,3434,6164,400,80000,129636.8,0.045098478,0.026388544
4116703,Nova Aurora,10299,10584,47200,5684670,1917240.4,0.128614646,0.074623364
4116802,Nova Cantu,5061,39026,2186,244091,746238.12,0.035204399,0.020673091
4116901,Nova Esperança,27984,29510,3800,1010685,802115.8,0.067252103,0.039185285
4116950,Nova Esperança do Sudoeste,5030,31397,4130,1299500,916443.6,0.07258774,0.042267638
4117008,Nova Fátima,8136,12825,500,633200,399406,0.077734309,0.045242186
4117057,Nova Laranjeiras,11507,112000,24100,350817,2097892.76,0.031206576,0.018359659
4117107,Nova Londrina,13200,34930,1200,68778,623701.84,0.027657627,0.016314008
4117206,Nova Olímpia,5826,15973,570,306775,362365.4,0.052651811,0.030752596
4117214,Nova Santa Bárbara,4277,644,450,3000,13284.8,0.036971757,0.021679564
4117222,Nova Santa Rosa,8266,11297,281780,1860000,1571719.6,0.094051399,0.054584796
4117255,Nova Prata do Iguaçu,10544,34548,3580,2458341,1293444.28,0.088716554,0.051585605
4117271,Nova Tebas,5448,59639,4300,38000,1049502.8,0.025503629,0.015068688
4117297,Novo Itacolomi,2840,17555,680,1400000,696013.2,0.092186207,0.053590762
4117305,Ortigueira,21960,157512,9550,274336,2815052.48,0.027468802,0.016204242
4117404,Ourizona,3425,643,450,350000,110427.6,0.132110748,0.076652574
4117453,Ouro Verde do Oeste,6016,18770,98852,880000,869754.08,0.077155198,0.044855053
4117503,Paiçandu,41773,1188,377,140000,60779.68,0.1030001,0.059835192
4117602,Palmas,51755,27312,1323,80100,496216.32,0.029522974,0.017391218
4117701,Palmeira,33994,27191,27000,1250000,899765.2,0.075906458,0.044172833
4117800,Palmital,12960,110144,7247,78500,1938487.68,0.025589094,0.015118227
4117909,Palotina,32121,9402,90463,7423324,2515252.64,0.130060038,0.075453015
4118006,Paraíso do Norte,14023,6250,1045,3210,111575.6,0.02613818,0.015432784
4118105,Paranacity,11580,6509,640,170800,161724.4,0.060182726,0.035101873
4118204,Paranaguá,156174,787,525,8880,17618.8,0.045750439,0.026752664
4118303,Paranapoema,3241,11932,140,542,205807.76,0.023785604,0.014077833
4118402,Paranavaí,88922,126239,2550,1370122,2562696.96,0.041940294,0.02456513
4118451,Pato Bragado,5684,7232,85043,1194000,717241.12,0.1001993,0.05816467
4118501,Pato Branco,83843,21986,3333,1999136,948049.6,0.095922062,0.05574767
4118600,Paula Freitas,5908,6000,8350,27000,136144,0.040662034,0.023798482
4118709,Paulo Frontin,7387,4582,6323,37000,108392.32,0.045023733,0.026319513
4118808,Peabiru,14007,13282,1550,742700,441118.4,0.081460766,0.047393795
4118857,Perobal,6160,25737,1900,578000,610292.4,0.056330728,0.03287708
4118907,Pérola,11321,39828,1800,332200,783529.6,0.038394397,0.022516157
4119004,Pérola d'Oeste,6288,11709,3937,583793,376825.32,0.078054793,0.045423017
4119103,Piên,12882,1870,2500,220000,101364,0.101584705,0.059008921
4119152,Pinhais,133490,436,447,1820,9367.68,0.038231033,0.022400533
4119202,Pinhalão,6324,8585,13500,430000,309102,0.07827279,0.0455334
4119251,Pinhal de São Bento,2737,14441,1549,74508,273956.4,0.033787816,0.019853497
4119301,Pinhão,32559,60690,15473,95410,1117620.72,0.028818522,0.016979046
4119400,Piraí do Sul,25617,28206,157764,3975190,2077798.96,0.101469381,0.058918313
4119509,Piraquara,114970,2021,494,12812,39850.32,0.036609055,0.021480091
4119608,Pitanga,29994,84963,34050,72000,1585035.6,0.028746141,0.016933659
4119657,Pitangueiras,3262,1950,2380,738720,247616.8,0.126708757,0.073529409
4119707,Planaltina do Paraná,4272,40223,1925,164818,743836.64,0.031556637,0.018566043
4119806,Planalto,13431,32385,8943,692822,778198.88,0.055809742,0.032572201
4119905,Ponta Grossa,355336,27428,31066,1000000,846202.24,0.069975716,0.040743676
4119954,Pontal do Paraná,27915,69,11,2000,1780.24,0.062847796,0.036640368
4120002,Porecatu,12748,3919,760,122250,103947.2,0.064829461,0.03778459
4120101,Porto Amazonas,4874,4510,73,2100,78381.92,0.0246499,0.014576995
4120150,Porto Barreiro,3184,30300,1250,14550,529034,0.024915256,0.014729613
4120200,Porto Rico,2556,25827,730,239768,513578.64,0.039705784,0.023274118
4120309,Porto Vitória,4061,5800,5000,15000,119160,0.034933703,0.020498454
4120333,Prado Ferreira,3780,1844,190,326200,123630.4,0.113616153,0.065969965
4120358,Pranchita,5095,6665,6543,1443922,538826.88,0.116806262,0.067807837
4120408,Presidente Castelo Branco,5351,3844,560,890578,317181.04,0.119414512,0.069319404
4120507,Primeiro de Maio,11130,4764,926,1640000,543955.84,0.12645252,0.073385089
4120606,Prudentópolis,52513,74120,37180,171600,1435939.2,0.032009702,0.018816861
4120655,Quarto Centenário,4465,3814,480,982800,342244,0.121525676,0.070539133
4120705,Quatiguá,7477,18985,1755,895000,582477.2,0.076370125,0.044453312
4120804,Quatro Barras,23911,827,213,9100,17419.92,0.043415818,0.025412242
4120853,Quatro Pontes,4029,9127,155000,847500,865484.4,0.087071403,0.050552741
4120903,Quedas do Iguaçu,34409,53500,19845,1283013,1339772.44,0.058660579,0.034217494
4121000,Querência do Norte,12232,73833,7600,45900,1305883.6,0.025757813,0.015214717
4121109,Quinta do Sol,4508,5253,1500,685000,286711.6,0.105754482,0.061426774
4121208,Quitandinha,19221,3480,3900,500000,211712,0.10704217,0.062164463
4121257,Ramilândia,4476,26537,5300,549697,626463.56,0.054862481,0.032026413
4121307,Rancho Alegre,3784,518,1004,30000,20361.76,0.082019503,0.047695133
4121356,Rancho Alegre D'Oeste,2628,2574,290,471600,177202.4,0.114410559,0.066428824
4121406,Realeza,16950,28508,3042,1796188,1002517.92,0.085054776,0.049470176
4121505,Rebouças,14946,5100,15750,203100,192468,0.073272579,0.042627067
4121604,Renascença,6787,12030,2930,459925,344602.2,0.070425754,0.04101685
4121703,Reserva,26825,90754,4550,23290,1581322,0.024567278,0.014528356
4121752,Reserva do Iguaçu,8069,27222,2472,24990,482730.48,0.026205539,0.015473682
4121802,Ribeirão Claro,10645,69441,980,920000,1454964.4,0.045209619,0.026453876
4121901,Ribeirão do Pinhal,12948,22050,3210,155660,432603.2,0.037074502,0.021751295
4122008,Rio Azul,15336,6005,12553,108410,171801.92,0.057361629,0.033439868
4122107,Rio Bom,3182,15085,826,339680,357083.44,0.056338001,0.032881656
4122156,Rio Bonito do Iguaçu,13255,51000,17420,206390,987946,0.033660139,0.019774137
4122172,Rio Branco do Ivaí,4109,14429,901,26500,258337.84,0.027659241,0.016314209
4122206,Rio Branco do Sul,32517,19400,11500,62100,386028,0.034073898,0.020007464
4122305,Rio Negro,34411,3857,7200,1562000,525588.4,0.127009057,0.073700971
4122404,Rolândia,67383,5217,5580,2516942,811439.36,0.130280133,0.07559377
4122503,Roncador,9645,36003,7937,1900000,1175380.08,0.079720737,0.046387115
4122602,Rondon,9622,29933,972,1398000,909242.48,0.076076741,0.044284742
4122651,Rosário do Ivaí,4689,49014,1165,90000,871782.4,0.027319185,0.016118775
4122701,Sabáudia,6891,7171,4104,1998402,695369.92,0.122359694,0.071018816
4122800,Salgado Filho,3483,22395,20300,695000,641506,0.065775098,0.038319471
4122909,Salto do Itararé,4898,21637,2400,160000,424252.4,0.037366509,0.021920804
4123006,Salto do Lontra,14872,32109,8960,5220635,2041291,0.111340913,0.064654289
4123105,Santa Amélia,3266,1999,473,40000,47020.72,0.054220992,0.031655095
4123204,Santa Cecília do Pavão,3293,3400,400,94840,86251.2,0.061776109,0.036022007
4123303,Santa Cruz de Monte Castelo,7751,49008,2160,443603,973712.84,0.039456287,0.023129618
4123402,Santa Fé,12186,19787,1650,1553000,780192.4,0.09166605,0.053289749
4123501,Santa Helena,26767,33273,167820,4695300,2397152.4,0.102020976,0.059239724
4123600,Santa Inês,1594,5534,400,361000,197480.8,0.0861216,0.050086921
4123709,Santa Isabel do Ivaí,8523,41120,3100,182479,767782.12,0.032348402,0.019022745
4123808,Santa Izabel do Oeste,14794,27913,11387,5336199,2008855.8,0.114918805,0.066720536
4123824,Santa Lúcia,3793,11021,1075,1063744,490677.52,0.097714036,0.056783462
4123857,Santa Maria do Oeste,9410,45919,2792,23500,804874.48,0.025159241,0.014870039
4123907,Santa Mariana,11622,3138,907,6000,58410.88,0.029692515,0.017483139
4123956,Santa Mônica,4017,19433,1262,161802,383388.64,0.038495659,0.022574188
4124004,Santana do Itararé,4954,18600,2743,14016,332183.2,0.026408202,0.015589287
4124020,Santa Tereza do Oeste,10096,8273,4731,1100000,464677.84,0.105842202,0.061475131
4124053,Santa Terezinha de Itaipu,23699,4700,2715,265000,163293.6,0.081600102,0.047468149
4124103,Santo Antônio da Platina,46251,73124,3100,1050000,1561156.8,0.046800546,0.027372294
4124202,Santo Antônio do Caiuá,2626,25184,365,116477,466887.96,0.032201551,0.018939437
4124301,Santo Antônio do Paraíso,2068,3364,650,13000,63476.8,0.032274885,0.018977374
4124400,Santo Antônio do Sudoeste,20261,23857,2587,2988157,1254888.84,0.104949962,0.060963509
4124509,Santo Inácio,5416,16638,720,493000,426402.4,0.063205301,0.03684899
4124608,São Carlos do Ivaí,6920,4102,255,2510,72032.4,0.025363424,0.014987956
4124707,São Jerônimo da Serra,11128,38131,3700,35000,676901.2,0.026261596,0.015505903
4124806,São João,10181,24732,2486,2127478,1028641.68,0.09436086,0.054846322
4124905,São João do Caiuá,5837,36672,410,193766,686259.28,0.0332891,0.019567769
4125001,São João do Ivaí,10056,11758,1728,359110,308041.52,0.064192523,0.037417445
4125100,São João do Triunfo,15241,4151,5918,30000,97787.92,0.044215609,0.025851661
4125209,São Jorge d'Oeste,9028,40961,6000,612000,894129.2,0.04800098,0.02806354
4125308,São Jorge do Ivaí,5543,1445,485,2675800,775552.4,0.141080051,0.081835498
4125357,São Jorge do Patrocínio,5586,32694,1770,585979,731791.72,0.05123442,0.029933414
4125407,São José da Boa Vista,6160,21500,3600,156000,424424,0.037516597,0.022006183
4125456,São José das Palmeiras,3627,24679,19875,300000,568898.8,0.047409807,0.027708829
4125506,São José dos Pinhais,329058,8268,1942,362000,249473.28,0.074265378,0.043235227
4125555,São Manoel do Paraná,2163,3360,450,279000,137280,0.093284528,0.054224153
4125605,São Mateus do Sul,46705,13679,6000,127732,289283.76,0.042099349,0.024647772
4125704,São Miguel do Iguaçu,27576,21615,100210,4192000,1850176.4,0.109798208,0.063739823
4125753,São Pedro do Iguaçu,5820,18123,65341,290630,591728.64,0.058896421,0.034308993
4125803,São Pedro do Ivaí,11046,9275,1656,284500,244224.24,0.064360159,0.037513736
4125902,São Pedro do Paraná,2289,31795,990,202381,606550.28,0.035209193,0.020676467
4126009,São Sebastião da Amoreira,8859,2573,250,60000,61815.6,0.057288594,0.033429976
4126108,São Tomé,5750,6547,829,1700180,591178.96,0.121671226,0.070623213
4126207,Sapopema,6722,58754,2612,8600,1020917.28,0.024299051,0.014373558
4126256,Sarandi,97803,878,341,352200,114754.24,0.128511094,0.074573674
4126272,Saudade do Iguaçu,5539,16090,3500,899477,539241.56,0.081430325,0.047374817
4126306,Sengés,19385,23792,5463,21334,431803.44,0.027393916,0.01615665
4126355,Serranópolis do Iguaçu,4477,6717,69500,1859790,847553.6,0.112057908,0.06503216
4126405,Sertaneja,5216,2000,2400,60000,58496,0.0653936,0.038094699
4126504,Sertanópolis,16413,11059,3817,1450820,608048.08,0.105824092,0.061466497
4126603,Siqueira Campos,21249,38552,6920,2300000,1328131.2,0.083382574,0.048503175
4126652,Sulina,2930,19060,10620,1623674,814745.52,0.093584881,0.054393093
4126678,Tamarana,15040,16683,1094,1057441,586356.84,0.085257081,0.049587589
4126702,Tamboara,5158,13029,495,361260,326756.4,0.061454689,0.035837793
4126801,Tapejara,16345,42671,1920,1108780,1050236.4,0.059811275,0.034888294
4126900,Tapira,5495,52195,1200,636828,1079713.84,0.043837108,0.02566081
4127007,Teixeira Soares,12567,12720,23545,725061,493377.88,0.081624206,0.047467523
4127106,Telêmaco Borba,79792,1365,445,6400,26622.8,0.034576919,0.020304163
4127205,Terra Boa,17200,5951,1450,5765080,1720987.6,0.137703274,0.079884729
4127304,Terra Rica,16924,63090,3100,709398,1293203.44,0.042650074,0.024974493
4127403,Terra Roxa,17522,19176,6736,1120430,664025.04,0.082702203,0.048107835
4127502,Tibagi,20607,38512,73210,524000,1031684.8,0.052818121,0.030816199
4127601,Tijucas do Sul,17084,5777,1602,54100,119382.48,0.041261183,0.024167013
4127700,Toledo,142645,44750,1172400,8717350,6774654,0.096518978,0.056013157
4127809,Tomazina,7807,56576,8000,1600000,1445427.2,0.062177677,0.036253562
4127858,Três Barras do Paraná,12038,48791,66204,1515000,1464665.36,0.066391003,0.038668918
4127882,Tunas do Paraná,9022,1066,115,9500,21344.8,0.039632791,0.023230096
4127908,Tuneiras do Oeste,8533,34586,1900,935000,862455.2,0.060839758,0.035482243
4127957,Tupãssi,8109,3232,52797,1940999,759573,0.122239119,0.070919399
4127965,Turvo,13095,42621,3468,48552,757218.48,0.026534644,0.01566405
4128005,Ubiratã,20909,13802,415,3388130,1187332.4,0.120733422,0.070081963
4128104,Umuarama,112500,126038,3700,942648,2443043.04,0.036965173,0.021690902
4128203,União da Vitória,57913,7000,8010,27000,152310.4,0.038472997,0.022538029
4128302,Uniflor,2614,4950,520,474400,219552.8,0.097500585,0.056660074
4128401,Uraí,11273,5508,479,110000,126993.76,0.053688948,0.031350691
4128500,Wenceslau Braz,19386,19020,6358,406100,460180.32,0.055935639,0.03264384
4128534,Ventania,12088,9994,1400,28600,184160.8,0.030146216,0.017748937
4128559,Vera Cruz do Oeste,8454,22340,11853,985150,696123.12,0.074602313,0.04342554
4128609,Verê,7174,18527,9400,2310000,994040.4,0.104243988,0.060552228
4128625,Alto Paraíso,2685,113715,635,6000,1959508.4,0.023740176,0.014051757
4128633,Doutor Ulysses,5552,9053,7804,69487,198892.12,0.04207921,0.024627483
4128658,Virmond,4022,12650,11550,8500,255072,0.032343911,0.019000851
4128708,Vitorino,6859,9802,12470,151257,248855.16,0.052704375,0.030760249
4128807,Xambrê,5630,45031,950,110068,808240.24,0.028413047,0.016750743
4311,Abdon Batista,2548,14875,3750,11450,270456,0.027357835,0.016135239
4312,Abelardo Luz,17960,36594,46218,576744,931407.84,0.053010287,0.030937193
4313,Agrolândia,11013,9000,20000,33000,224840,0.043561306,0.025460384
4314,Agronômica,5509,5200,13500,125000,165480,0.063027435,0.036708858
4315,Água Doce,7152,64165,92150,1902600,1916502,0.065460355,0.038129961
4316,Águas de Chapecó,6515,16883,15054,649519,518017.08,0.07114007,0.04141987
4317,Águas Frias,2354,16883,38774,101645,436721.16,0.046458344,0.027133998
4318,Águas Mornas,6559,7030,386,256132,193806.4,0.068884209,0.040129391
4319,Alfredo Wagner,10086,32046,2102,87036,581951.36,0.029278688,0.017249659
4320,Alto Bela Vista,1926,9890,26465,464944,380745.92,0.076841173,0.044694308
4321,Anchieta,5557,38218,10832,37621,700812.76,0.028011904,0.016512331
4322,Angelina,4743,14875,1964,103011,290663.64,0.036778268,0.021580479
4323,Anita Garibaldi,6957,35000,4300,35000,624872,0.026646526,0.015727604
4324,Anitápolis,3228,10225,276,185127,228544.6,0.051346144,0.02999852
4325,Antônio Carlos,8613,6401,153,840990,346039.52,0.106348349,0.061772076
4326,Apiúna,10848,5756,5150,338730,209503.6,0.082735476,0.0481203
4327,Arabutã,4267,13700,92400,2220834,1138369.52,0.103635547,0.060167193
4328,Araquari,39524,9657,675,450000,294152.4,0.076020414,0.04425163
4329,Araranguá,68867,17520,747,1132425,620693.88,0.085861447,0.049937023
4330,Armazém,8759,19739,58292,26669,524185.8,0.04404746,0.025730809
4331,Arroio Trinta,3549,6000,68001,84000,333443.04,0.066510527,0.038663686
4332,Arvoredo,2234,9587,90000,1300343,802592.44,0.09760025,0.056666284
4333,Ascurra,7978,1636,263,66580,47581.12,0.0721239,0.041999213
4334,Atalanta,3195,4740,10000,70000,131528,0.054498692,0.031784645
4335,Aurora,5683,8200,11000,27000,182040,0.038808152,0.022727971
4336,Balneário Arroio do Silva,13430,1292,130,1490,23034.8,0.026733105,0.015778197
4337,Balneário Camboriú,145796,173,7,438,3119.52,0.028736788,0.016937258
4338,Balneário Barra do Sul,11035,670,59,12721,15265.24,0.052586807,0.030713972
4339,Balneário Gaivota,11260,6599,95,20788,119612.24,0.02962861,0.017453117
4340,Bandeirante,2648,18565,4318,79106,354594.4,0.033223574,0.019524498
4341,Barra Bonita,1651,13861,13000,56762,293822.56,0.037608508,0.022042544
4342,Barra Velha,29860,4670,151,154668,124090.08,0.066196006,0.038576855
4343,Bela Vista do Toldo,6362,10879,12463,93690,251239.52,0.044627031,0.026094434
4344,Belmonte,2709,12076,4188,285914,300494.64,0.058303635,0.034011707
4345,Benedito Novo,11775,8566,2317,20450,160104.88,0.030365489,0.01787239
4346,Biguaçu,69486,17425,815,627841,477983.08,0.068561495,0.039943102
4347,Blumenau,361855,7333,3191,684133,327385.48,0.096325503,0.05597781
4348,Bocaina do Sul,3488,17000,1250,11200,299336,0.025558014,0.015100068
4349,Bombinhas,20335,162,9,435,2935.56,0.029139864,0.01716972
4350,Bom Jardim da Serra,4772,34500,700,3800,596592,0.023995793,0.014199023
4351,Bom Jesus,3057,3494,7136,342940,177813.44,0.095965268,0.055755495
4352,Bom Jesus do Oeste,2139,6685,13550,454275,283371,0.086183444,0.05010122
4353,Bom Retiro,10060,26500,1250,252000,530160,0.040151758,0.023531306
4354,Botuverá,5322,1827,997,5038,35865.92,0.033044031,0.019413472
4355,Braço do Norte,33876,50042,318150,405940,1941561.6,0.058301766,0.033940472
4356,Braço do Trombudo,3769,8800,5500,8000,170320,0.030619915,0.018011027
4357,Brunópolis,2368,12347,7125,10684,237019.92,0.030179543,0.01775768
4358,Brusque,137689,3488,529,15050,65815.76,0.032716007,0.019233228
4359,Caçador,79313,15647,90000,340000,637928.4,0.065484376,0.03810032
4360,Caibi,6130,23034,48114,493348,680588.8,0.06015584,0.035055114
4361,Calmon,3335,10730,1600,113079,221082.12,0.042203854,0.02471446
4362,Camboriú,85105,5552,131,3564,96890.56,0.025060753,0.014814136
4363,Capão Alto,2496,32000,1900,10500,559116,0.024792884,0.014658438
4364,Campo Alegre,11981,12300,1830,161200,262259.2,0.045670872,0.026717378
4365,Campo Belo do Sul,6952,30000,3100,25000,532424,0.02615997,0.01544703
4366,Campo Erê,8418,34631,6053,135565,652012.52,0.032219867,0.01894604
4367,Campos Novos,36556,61050,126450,1758600,1926876,0.065691053,0.03825502
4368,Canelinha,12398,6058,187,7732,106931.04,0.026336323,0.01555081
4369,Canoinhas,54480,24541,66698,534352,774485.68,0.061565598,0.035862273
4370,Capinzal,23035,14502,11210,2783100,1062780.8,0.114460095,0.06645327
4371,Capivari de Baixo,25177,3607,5,746,62264.48,0.024002585,0.014203458
4372,Catanduvas,10984,6142,7358,1057250,424040.72,0.111338943,0.064647086
4373,Caxambu do Sul,3551,11340,5953,871698,457220.56,0.090644486,0.052694519
4374,Celso Ramos,2719,12093,2180,11700,217902.8,0.027093811,0.015984526
4375,Cerro Negro,3068,17000,3800,19000,309272,0.027741729,0.016357742
4376,Chapadão do Lageado,3006,5200,6900,17300,115260,0.038773975,0.022708491
4377,Chapecó,224013,35662,41911,1504295,1161998.44,0.07370608,0.042898902
4378,Cocal do Sul,16821,4761,600,83000,106953.2,0.05093145,0.029756904
4379,Concórdia,75167,70950,393255,3104424,3285073.92,0.075903308,0.044129039
4380,Cordilheira Alta,4520,8619,28351,828259,466346.36,0.094254299,0.054757449
4381,Coronel Freitas,9940,39095,60300,867973,1098778.44,0.059705018,0.034802088
4382,Coronel Martins,2555,10166,6028,427272,312816.48,0.073302471,0.042673609
4383,Corupá,16107,1900,780,105100,64479.2,0.081079908,0.047169768
4384,Correia Pinto,12553,30000,2300,366245,625540.6,0.044122108,0.025824246
4385,Criciúma,217311,8690,557,47301,164405.56,0.033941542,0.01994336
4386,Cunha Porã,11118,24026,37440,1119160,840429.6,0.076396367,0.044449035
4387,Cunhataí,1967,10188,35414,149141,324651.64,0.057589666,0.033554746
4388,Curitibanos,39893,34586,37621,23678,715876.88,0.033560423,0.019700193
4389,Descanso,8192,36853,50000,745607,994641.56,0.057556511,0.033563114
4390,Dionísio Cerqueira,15545,37679,4956,110000,693945.04,0.03017806,0.017767548
4391,Dona Emma,4186,8900,18000,11500,211020,0.039806379,0.023292979
4392,Doutor Pedrinho,4115,3220,2518,12027,66406.28,0.036131942,0.021192534
4393,Entre Rios,3218,6701,10350,457396,274792.08,0.086562416,0.050324891
4394,Ermo,2061,3074,525,347933,151890.04,0.10210492,0.059319357
4395,Erval Velho,4418,18578,54600,1223600,828133.6,0.084962612,0.049387504
4396,Faxinal dos Guedes,10649,12248,81119,1438687,860099.72,0.096384525,0.055972335
4397,Flor do Sertão,1579,6175,2669,351672,212791.92,0.081926499,0.047658611
4398,Florianópolis,508826,5495,130,3079,95771.32,0.024903973,0.014723566
4399,Formosa do Sul,2495,14545,5981,484560,404033.04,0.066882037,0.038966798
4400,Forquilhinha,27211,7767,14680,365747,280628.76,0.076739865,0.044643832
4401,Fraiburgo,36584,17700,47102,245000,516230.08,0.055101393,0.03212569
4402,Frei Rogério,1970,6562,1587,8235,119996.68,0.028144551,0.016590002
4403,Galvão,2791,11072,3564,235274,267149.68,0.05579436,0.03256245
4404,Garopaba,23579,4782,55,1177,82747.16,0.024177351,0.014304142
4405,Garuva,18484,3766,387,27275,73588.68,0.037078532,0.021754634
4406,Gaspar,70793,12402,1073,79345,238792.92,0.035644154,0.020926393
4407,Governador Celso Ramos,14606,4238,160,416,73496.48,0.024140743,0.014282287
4408,Grão-Pará,6595,26280,81564,345322,796660.72,0.055578641,0.03239617
4409,Gravatal,11577,24009,244,8399,416048.28,0.024367086,0.014413782
4410,Guabiruba,24382,1995,246,71280,55020.24,0.0684151,0.039857239
4411,Guaraciaba,10026,41212,79244,886202,1197884.72,0.059898453,0.034908554
4412,Guaramirim,45797,5900,180,30000,110427.2,0.033099715,0.019457883
4413,Guarujá do Sul,5178,10899,8296,16381,217269.32,0.032579515,0.019140275
4414,Guatambú,4698,14842,17414,456904,436154.08,0.065951824,0.038417685
4415,Herval d'Oeste,22714,13255,32600,1225400,670202,0.093988074,0.054609345
4416,Ibiam,1954,8100,35840,595000,414873.6,0.086933356,0.050516374
4417,Ibicaré,3178,11276,37050,1146700,627655.2,0.095688845,0.055586971
4418,Ibirama,19096,4700,4000,12500,96500,0.034972124,0.020520887
4419,Içara,57247,16620,461,210778,346283.28,0.044516369,0.026053097
4420,Ilhota,14359,12852,497,21556,228600.96,0.027156088,0.016024166
4421,Imaruí,9948,24459,531,73000,442749.04,0.02939349,0.017317105
4422,Imbituba,45286,4872,1256,29727,95940.2,0.036329638,0.021318354
4423,Imbuia,6241,7600,5600,22000,153904,0.034575268,0.020294005
4424,Indaial,70900,6515,1046,44880,127804.24,0.036908603,0.021655102
4425,Iomerê,2962,10220,155000,890000,896184,0.086510083,0.050231353
4426,Ipira,4406,14760,17915,860740,549340.8,0.082388323,0.047916002
4427,Iporã do Oeste,9045,27338,155000,1334120,1314967.2,0.077960667,0.045318375
4428,Ipuaçu,7579,9390,14852,777463,424347.72,0.091816699,0.053361387
4429,Ipumirim,7620,19790,83400,2972480,1426218.4,0.104347332,0.060588989
4430,Iraceminha,3938,21986,30553,910728,726044.16,0.073351168,0.042691066
4431,Irani,10498,18058,89123,448166,707018,0.066386135,0.038628272
4432,Irati,1909,9442,2172,124974,203998,0.046219798,0.02703276
4433,Irineópolis,11289,12140,3610,36200,229918.4,0.031583793,0.018575595
4434,Itá,6129,15951,93900,1460300,968697.2,0.091204783,0.05297892
4435,Itaiópolis,21780,28025,20814,1366840,928019.76,0.077474219,0.04508203
4436,Itajaí,223112,12338,328,445605,337980.12,0.068604938,0.039968542
4437,Itapema,67338,1423,185,1748,25527.44,0.027132221,0.016008005
4438,Itapiranga,17007,40183,175766,2413813,1901343.88,0.082351532,0.047866752
4439,Itapoá,21177,856,116,9529,17743.96,0.042955258,0.025148852
4440,Ituporanga,25355,14780,40000,42000,387576,0.044655871,0.026086013
4441,Jaborá,3918,14706,109500,1185450,917749.2,0.087632587,0.050904892
4442,Jacinto Machado,10376,11345,4050,165723,253848.44,0.04848237,0.0283373
4443,Jaguaruna,20288,17782,12836,167479,391765.96,0.043647002,0.02553618
4444,Jaraguá do Sul,181173,7300,2400,115000,165056,0.049737568,0.029063053
4445,Jardinópolis,1546,9029,14547,362022,300887.84,0.07266495,0.042291725
4446,Joaçaba,30404,15244,48250,2285600,1048844.8,0.105477992,0.061247976
4447,Joinville,597658,14774,1658,455000,386553.12,0.064354052,0.037511374
4448,José Boiteux,5007,3360,3500,14700,72548,0.038603512,0.022615457
4449,Jupiá,2092,11583,2234,281374,284803.68,0.058518363,0.0341386
4450,Lacerdópolis,2247,8997,41050,1289600,640628.4,0.102870275,0.059733115
4451,Lages,157349,89000,2600,256000,1610384,0.029262327,0.017241142
4452,Laguna,46122,14247,195,97569,272960.52,0.035863969,0.021055143
4453,Lajeado Grande,1418,6400,18382,325589,257126.2,0.078710342,0.045773145
4454,Laurentino,7063,6300,3600,5000,120704,0.030015542,0.017663052
4455,Lauro Müller,15313,14621,20000,1600000,760281.2,0.099618769,0.057872488
4456,Lebon Régis,12115,23300,2650,20000,414416,0.02630078,0.015528104
4457,Leoberto Leal,3000,8400,2000,24000,157280,0.030915768,0.018191093
4458,Lindóia do Sul,4546,19335,99715,810600,862663.6,0.075026797,0.043624632
4459,Lontras,12315,6900,4300,28000,139592,0.035595965,0.020886244
4460,Luiz Alves,13107,8418,514,148858,188032.4,0.050978373,0.029785356
4461,Luzerna,5684,8502,19100,1032100,493286.4,0.101295365,0.0588352
4462,Macieira,1766,6100,27200,96000,214488,0.060174928,0.035039881
4463,Mafra,56561,28800,28200,3497785,1560467.8,0.102893377,0.059767987
4464,Major Gercino,3454,5136,579,45520,102844.96,0.039589697,0.023205089
4465,Major Vieira,8156,13538,22654,258201,374018.04,0.057274744,0.033395526
4466,Maracajá,7378,7029,155,69074,140710.72,0.040469736,0.023715581
4467,Maravilha,26116,13721,12800,850000,512913.2,0.084172304,0.048950139
4468,Marema,1750,16396,32607,658250,565446.48,0.072906097,0.042426668
4469,Massaranduba,17125,4500,800,260000,152632,0.082424446,0.047949677
4470,Matos Costa,2480,7126,11359,12179,160508.68,0.038085737,0.022305814
4471,Meleiro,7001,5391,510,758505,306657,0.108021706,0.062738154
4472,Mirim Doce,2283,6985,13587,33612,170857.84,0.04367232,0.025528926
4473,Modelo,4218,8738,20000,556946,367038.48,0.084391519,0.049062953
4474,Mondaí,11889,23247,54958,1145770,887736.32,0.077926337,0.045324732
4475,Monte Carlo,9906,4985,2650,26000,101078,0.03675051,0.021555338
4476,Monte Castelo,8269,11650,5030,241500,283291.2,0.055578524,0.032435702
4477,Morro da Fumaça,17947,7536,252,55290,145866.48,0.036769545,0.021577793
4478,Morro Grande,2888,3537,515,434900,184174,0.104398052,0.060644343
4479,Navegantes,83626,7771,85,20589,139684.52,0.028699108,0.016916257
4480,Nova Erechim,5092,9368,30447,837794,488270.8,0.092468579,0.053725158
4481,Nova Itaberaba,4329,17553,29339,832893,624312.2,0.076891542,0.044733939
4482,Nova Trento,14782,2796,1435,13847,56330.76,0.036237095,0.021259101
4483,Nova Veneza,15342,10153,4976,614707,361876.6,0.083695406,0.048679892
4484,Novo Horizonte,2404,13776,11768,228427,336681.48,0.052554957,0.030681026
4485,Orleans,23038,31232,50582,2000000,1250959.68,0.084792079,0.049300923
4486,Otacílio Costa,18975,18000,2600,9000,320024,0.025907019,0.015299831
4487,Ouro,7272,25023,52400,3402500,1542391.6,0.104364211,0.060610206
4488,Ouro Verde,2207,6997,2432,249919,197719,0.068661896,0.039996143
4489,Paial,1474,6755,17709,360132,270858.32,0.079836072,0.046426306
4490,Painel,2356,32500,1400,6000,564936,0.024360267,0.014408958
4491,Palhoça,175272,7879,292,188577,189208.04,0.057753124,0.033699492
4492,Palma Sola,7372,22117,27985,174555,514362.2,0.044294377,0.025900023
4493,Palmeira,2650,11250,860,9000,198634.4,0.025852469,0.015270094
4494,Palmitos,16157,53036,135000,2158700,1927055.2,0.073499018,0.042763385
4495,Papanduva,19422,24070,76363,228457,710115.48,0.052644791,0.030698957
4496,Paraíso,3360,22621,5215,261448,478140.24,0.044023949,0.025764159
4497,Passo de Torres,9048,3461,90,25633,66980.04,0.036829084,0.021612367
4498,Passos Maia,4109,22486,53932,341777,646410.04,0.055627766,0.032433415
4499,Paulo Lopes,7569,10694,129,26065,191627.16,0.028322895,0.016698899
4500,Pedras Grandes,3953,9221,8999,513394,329708.48,0.081160815,0.047209394
4501,Penha,33284,3791,65,1645,65863.4,0.024597471,0.014546682
4502,Peritiba,2760,9004,21933,218231,282649.8,0.062925007,0.036651552
4503,Pescaria Brava,10159,7253,25,4857,126187.56,0.024924414,0.014735917
4504,Petrolândia,5905,14100,25000,50000,332520,0.041364008,0.024197511
4505,Balneário Piçarras,23772,5287,31,7827,93222.2,0.026494199,0.015642674
4506,Pinhalzinho,20712,15650,50886,945136,688511.52,0.082739948,0.048099802
4507,Pinheiro Preto,3596,4339,48180,200000,277098,0.077432559,0.044987098
4508,Piratuba,3745,14131,4217,1121654,569936,0.09179074,0.053359306
4509,Planalto Alegre,2888,7663,2300,650900,321047.6,0.093771908,0.054503881
4510,Pomerode,34010,8311,5191,82537,181840.2,0.043834781,0.025646628
4511,Ponte Alta,4650,15100,1042,328500,354867.68,0.055573122,0.032439515
4512,Ponte Alta do Norte,3420,4080,275,1250,71362,0.024826616,0.014677711
4513,Ponte Serrada,11634,11700,38600,410115,433416.2,0.070781499,0.041184659
4514,Porto Belo,21932,3870,196,638,67338.48,0.024394136,0.014428321
4515,Porto União,35543,19835,14000,20959,389590.52,0.031465956,0.018498056
4516,Pouso Redondo,17712,22475,54100,68500,570214,0.043652969,0.025510563
4517,Praia Grande,7312,7659,460,6920,135070.8,0.025898342,0.015297026
4518,Presidente Castello Branco,1547,6980,59700,314700,389660,0.076872842,0.044673435
4519,Presidente Getúlio,17726,17900,66500,24500,516900,0.046868381,0.02735221
4520,Presidente Nereu,2283,6550,6600,14000,136644,0.035204824,0.020652106
4521,Princesa,2937,11975,6158,19700,230206.32,0.030999744,0.018233036
4522,Quilombo,9829,31934,24801,1032216,913680.32,0.066593872,0.038794559
4523,Rancho Queimado,2887,10294,493,3374,179500.24,0.024683667,0.014595652
4524,Rio das Antas,6202,21950,180000,2812668,1712287.04,0.097182769,0.056428399
4525,Rio do Campo,5902,17550,40000,75000,444460,0.044484948,0.025993457
4526,Rio do Oeste,7520,18500,58000,33000,503760,0.045207249,0.026398947
4527,Rio dos Cedros,11808,10278,2837,25499,192545.8,0.030569683,0.017990225
4528,Rio do Sul,72006,9500,8000,16000,192200,0.033426264,0.019627808
4529,Rio Fortuna,4620,27872,39068,237040,664536.32,0.045622661,0.026665284
4530,Rio Negrinho,42495,12000,950,630000,385688,0.079574661,0.046304738
4531,Rio Rufino,2483,9000,1200,6000,160128,0.026118855,0.015422497
4532,Riqueza,4561,23160,33830,350000,599195.2,0.052967896,0.030909506
4533,Rodeio,11600,3200,500,62400,74032,0.053398357,0.03118143
4534,Romelândia,4684,33771,5346,268349,672250.76,0.038503335,0.022576442
4535,Salete,7659,12100,34100,96500,338804,0.050229094,0.029306701
4536,Saltinho,3754,21439,16345,246228,487383.44,0.046420996,0.027138276
4537,Salto Veloso,4756,7600,59515,187000,364005.6,0.068606413,0.039893341
4538,Sangão,12905,8283,3217,115880,184693.68,0.047863858,0.027979318
4539,Santa Cecília,16918,16200,6700,9150,301570,0.028356727,0.016708362
4540,Santa Helena,2200,10532,11300,210000,274302.4,0.056570658,0.03299786
4541,Santa Rosa de Lima,2147,9783,12848,47142,220525.28,0.040670374,0.023804737
4542,Santa Rosa do Sul,8378,11729,350,30008,211205.04,0.028694881,0.016913324
4543,Santa Terezinha,8773,15000,12200,77300,316732,0.038374703,0.022487832
4544,Santa Terezinha do Progresso,2372,18615,2630,288680,409003.6,0.048680148,0.028456007
4545,Santiago do Sul,1235,10262,2133,171488,231007.36,0.05039555,0.029445634
4546,Santo Amaro da Imperatriz,23579,13203,89,4900,228734.16,0.024375844,0.014418934
4547,São Bernardino,2287,20272,4773,99900,391160.32,0.034326959,0.02016188
4548,São Bento do Sul,85421,7500,1105,240100,199587.2,0.065445878,0.038141507
4549,São Bonifácio,2814,15494,666,155660,312106.24,0.040910645,0.023969798
4550,São Carlos,11369,31200,115000,1300000,1250240,0.07445732,0.043306708
4551,São Cristóvão do Sul,5598,4850,300,2871,85135.88,0.025322473,0.014964308
4552,São Domingos,9434,18470,8156,1068687,641710.6,0.082387282,0.047924714
4553,São Francisco do Sul,53746,1541,265,2040,27882,0.027672087,0.016318814
4554,São João do Oeste,6402,27033,126613,1334076,1223412.4,0.078119858,0.045417065
4555,São João Batista,38583,7395,351,9344,130877.36,0.026462455,0.015623236
4556,São João do Itaperiú,3759,5957,396,3839,104739.16,0.025465484,0.015046801
4557,São João do Sul,7315,13353,370,79817,253145.16,0.03455583,0.020299118
4558,São Joaquim,27139,74000,2300,16000,1284272,0.024307013,0.014378516
4559,São José,250181,3494,162,38014,71233.2,0.042122284,0.024669662
4560,São José do Cedro,13820,39865,52874,199643,902315,0.040981874,0.023984524
4561,São José do Cerrito,8173,46000,6350,56000,826184,0.027182545,0.016036871
4562,São Lourenço do Oeste,24291,36208,11904,424763,777899.4,0.044738562,0.026174914
4563,São Ludgero,13650,18184,17534,1609084,816611.68,0.094243399,0.054769553
4564,São Martinho,3171,15228,9191,81734,312747.76,0.037424653,0.021943287
4565,São Miguel da Boa Vista,1807,11975,1500,200000,266530,0.050061532,0.029254368
4566,São Miguel do Oeste,40868,26237,19013,581749,671965.64,0.057805318,0.033717125
4567,São Pedro de Alcântara,5935,4597,373,391827,189913.88,0.094112501,0.054703065
4568,Saudades,9810,27594,78892,862179,955858.6,0.06817686,0.039683086
4569,Schroeder,21991,1100,430,20000,25827.2,0.052734667,0.030793405
4570,Seara,17576,29416,249170,1977700,1817188,0.083712743,0.04863218
4571,Serra Alta,3256,9029,31300,400000,362450.8,0.075680259,0.044015797
4572,Siderópolis,14092,7999,720,770154,355414.72,0.097652473,0.056747976
4573,Sombrio,30733,9422,470,107540,193598.4,0.042890714,0.02511349
4574,Sul Brasil,2423,14698,14986,486837,434677.4,0.067497782,0.039313291
4575,Taió,18486,33180,51000,151200,768072,0.041466063,0.024260575
4576,Tangará,8662,13900,92266,1300000,883568.64,0.091235518,0.05299317
4577,Tigrinhos,1619,8000,1600,250000,212464,0.06488655,0.037817466
4578,Tijucas,39155,18481,0,84163,341438.84,0.031968443,0.018805143
4579,Timbé do Sul,5343,5873,7350,1035254,413230.72,0.111820255,0.064924922
4580,Timbó,44977,4762,2847,179401,140793.56,0.070343463,0.04096383
4581,Timbó Grande,7941,12561,2306,21000,228939.44,0.028399382,0.016738685
4582,Três Barras,19366,3056,8929,87713,104267,0.066631878,0.038789144
4583,Treviso,3966,4122,254,265057,145886.52,0.085694138,0.049840122
4584,Treze de Maio,7093,11365,2728,352405,302444.52,0.064746787,0.037736032
4585,Treze Tílias,7991,20750,81400,700500,800496,0.07048772,0.041009042
4586,Trombudo Central,7434,6190,80000,14000,353588,0.06304585,0.036651799
4587,Tubarão,106422,26494,1806,74704,482104.16,0.029484851,0.01736869
4588,Tunápolis,4525,21189,136690,965327,1050279.96,0.076780513,0.044630891
4589,Turvo,12990,7202,3300,1082964,437136.32,0.109147464,0.063385718
4590,União do Oeste,2412,12498,36326,456494,453214.96,0.07135616,0.041520792
4591,Urubici,11273,36000,920,6200,623732.8,0.024168107,0.014298422
4592,Urupema,2459,16000,580,3200,277859.2,0.024324919,0.014388721
4593,Urussanga,21344,12847,18000,750000,485688.4,0.082366849,0.047901515
4594,Vargeão,3571,9351,19013,164977,264830.28,0.056872701,0.033158024
4595,Vargem,2432,14746,1760,13600,262789.6,0.026470606,0.015626066
4596,Vargem Bonita,4451,10780,9580,1326400,585931.2,0.103360395,0.060038576
4597,Vidal Ramos,6329,9000,6300,33000,183192,0.035504454,0.020831703
4598,Videira,53610,29704,271636,3700000,2372682.24,0.095928414,0.055699413
4599,Vitor Meireles,4943,7400,7200,28000,157008,0.037375013,0.021906905
4600,Witmarsum,3998,10500,22000,15000,251680,0.040335903,0.023597881
4601,Xanxerê,51642,27594,49803,953365,892960.12,0.06930447,0.040346998
4602,Xavantina,3903,29124,199300,738368,1313547.84,0.068269305,0.039704112
4603,Xaxim,28983,27194,64409,2099496,1251399.04,0.089337351,0.051921432
4604,Zortéa,3398,10305,7200,486000,335214,0.076530419,0.044537269
4605,Balneário Rincão,12946,1500,0,40660,37184.8,0.060786517,0.035452518
